family,algorithm,certificate_mode,sent_cert_count,chain_bytes,signature_bytes,sign_ms,verify_ms
pure,faest128f,1ICA,2,11912,5924.0,18.46494614,14.78421188
pure,faest128f,2ICA,3,17868,5924.0,18.46494614,14.78421188
pure,faest128f,3ICA,4,23824,5924.0,18.46494614,14.78421188
pure,faest128f,4ICA,5,29780,5924.0,18.46494614,14.78421188
pure,faest128s,1ICA,2,9076,4506.0,57.081241760000005,49.37372852000001
pure,faest128s,2ICA,3,13614,4506.0,57.081241760000005,49.37372852000001
pure,faest128s,3ICA,4,18152,4506.0,57.081241760000005,49.37372852000001
pure,faest128s,4ICA,5,22690,4506.0,57.081241760000005,49.37372852000001
pure,faest192f,1ICA,2,29992,14948.0,92.30423498,66.47441148
pure,faest192f,2ICA,3,44988,14948.0,92.30423498,66.47441148
pure,faest192f,3ICA,4,59984,14948.0,92.30423498,66.47441148
pure,faest192f,4ICA,5,74980,14948.0,92.30423498,66.47441148
pure,faest192s,1ICA,2,22616,11260.0,224.32448155999998,182.27142144
pure,faest192s,2ICA,3,33924,11260.0,224.32448155999998,182.27142144
pure,faest192s,3ICA,4,45232,11260.0,224.32448155999998,182.27142144
pure,faest192s,4ICA,5,56540,11260.0,224.32448155999998,182.27142144
pure,faest256f,1ICA,2,53192,26548.0,120.28434444,91.36537516
pure,faest256f,2ICA,3,79788,26548.0,120.28434444,91.36537516
pure,faest256f,3ICA,4,106384,26548.0,120.28434444,91.36537516
pure,faest256f,4ICA,5,132980,26548.0,120.28434444,91.36537516
pure,faest256s,1ICA,2,41488,20696.0,366.29095086,330.86362888
pure,faest256s,2ICA,3,62232,20696.0,366.29095086,330.86362888
pure,faest256s,3ICA,4,82976,20696.0,366.29095086,330.86362888
pure,faest256s,4ICA,5,103720,20696.0,366.29095086,330.86362888
pure,falcon1024,1ICA,2,6510,1271.3,1.1883202,0.7620634
pure,falcon1024,2ICA,3,9765,1271.3,1.1883202,0.7620634
pure,falcon1024,3ICA,4,13020,1271.3,1.1883202,0.7620634
pure,falcon1024,4ICA,5,16275,1271.3,1.1883202,0.7620634
pure,falcon512,1ICA,2,3298,655.24,1.0060230799999998,0.69939332
pure,falcon512,2ICA,3,4947,655.24,1.0060230799999998,0.69939332
pure,falcon512,3ICA,4,6596,655.24,1.0060230799999998,0.69939332
pure,falcon512,4ICA,5,8245,655.24,1.0060230799999998,0.69939332
pure,hawk1024,1ICA,2,7322,1221.0,0.83243688,0.67429488
pure,hawk1024,2ICA,3,10983,1221.0,0.83243688,0.67429488
pure,hawk1024,3ICA,4,14644,1221.0,0.83243688,0.67429488
pure,hawk1024,4ICA,5,18305,1221.0,0.83243688,0.67429488
pure,hawk512,1ICA,2,3158,555.0,0.80141528,0.6323141
pure,hawk512,2ICA,3,4737,555.0,0.80141528,0.6323141
pure,hawk512,3ICA,4,6316,555.0,0.80141528,0.6323141
pure,hawk512,4ICA,5,7895,555.0,0.80141528,0.6323141
pure,mayo1,1ICA,2,3748,454.0,0.9738321600000001,0.70455238
pure,mayo1,2ICA,3,5622,454.0,0.9738321600000001,0.70455238
pure,mayo1,3ICA,4,7496,454.0,0.9738321600000001,0.70455238
pure,mayo1,4ICA,5,9370,454.0,0.9738321600000001,0.70455238
pure,mayo2,1ICA,2,10196,186.0,0.87815036,0.598474
pure,mayo2,2ICA,3,15294,186.0,0.87815036,0.598474
pure,mayo2,3ICA,4,20392,186.0,0.87815036,0.598474
pure,mayo2,4ICA,5,25490,186.0,0.87815036,0.598474
pure,mayo3,1ICA,2,7334,681.0,1.16702082,0.86417478
pure,mayo3,2ICA,3,11001,681.0,1.16702082,0.86417478
pure,mayo3,3ICA,4,14668,681.0,1.16702082,0.86417478
pure,mayo3,4ICA,5,18335,681.0,1.16702082,0.86417478
pure,mayo5,1ICA,2,13036,964.0,1.6756195400000002,1.1694579
pure,mayo5,2ICA,3,19554,964.0,1.6756195400000002,1.1694579
pure,mayo5,3ICA,4,26072,964.0,1.6756195400000002,1.1694579
pure,mayo5,4ICA,5,32590,964.0,1.6756195400000002,1.1694579
pure,mldsa44,1ICA,2,7464,2420.0,0.71714122,0.13782916
pure,mldsa44,2ICA,3,11196,2420.0,0.71714122,0.13782916
pure,mldsa44,3ICA,4,14928,2420.0,0.71714122,0.13782916
pure,mldsa44,4ICA,5,18660,2420.0,0.71714122,0.13782916
pure,mldsa65,1ICA,2,10522,3309.0,1.24955298,0.2408717
pure,mldsa65,2ICA,3,15783,3309.0,1.24955298,0.2408717
pure,mldsa65,3ICA,4,21044,3309.0,1.24955298,0.2408717
pure,mldsa65,4ICA,5,26305,3309.0,1.24955298,0.2408717
pure,mldsa87,1ICA,2,14438,4627.0,1.3919901,0.33232298
pure,mldsa87,2ICA,3,21657,4627.0,1.3919901,0.33232298
pure,mldsa87,3ICA,4,28876,4627.0,1.3919901,0.33232298
pure,mldsa87,4ICA,5,36095,4627.0,1.3919901,0.33232298
pure,mqom2cat1gf16fastr5,1ICA,2,6680,3280.0,2.02678264,1.96974724
pure,mqom2cat1gf16fastr5,2ICA,3,10020,3280.0,2.02678264,1.96974724
pure,mqom2cat1gf16fastr5,3ICA,4,13360,3280.0,2.02678264,1.96974724
pure,mqom2cat1gf16fastr5,4ICA,5,16700,3280.0,2.02678264,1.96974724
pure,mqom2cat3gf16fastr5,1ICA,2,15656,7738.0,5.99163344,5.88245816
pure,mqom2cat3gf16fastr5,2ICA,3,23484,7738.0,5.99163344,5.88245816
pure,mqom2cat3gf16fastr5,3ICA,4,31312,7738.0,5.99163344,5.88245816
pure,mqom2cat3gf16fastr5,4ICA,5,39140,7738.0,5.99163344,5.88245816
pure,mqom2cat5gf16fastr5,1ICA,2,27788,13772.0,12.72177732,12.06086762
pure,mqom2cat5gf16fastr5,2ICA,3,41682,13772.0,12.72177732,12.06086762
pure,mqom2cat5gf16fastr5,3ICA,4,55576,13772.0,12.72177732,12.06086762
pure,mqom2cat5gf16fastr5,4ICA,5,69470,13772.0,12.72177732,12.06086762
pure,OV_III_pkc,1ICA,2,378864,200.0,0.9187812599999999,0.92570482
pure,OV_III_pkc,2ICA,3,568296,200.0,0.9187812599999999,0.92570482
pure,OV_III_pkc,3ICA,4,757728,200.0,0.9187812599999999,0.92570482
pure,OV_III_pkc,4ICA,5,947160,200.0,0.9187812599999999,0.92570482
pure,OV_Ip_pkc,1ICA,2,87408,128.0,0.8539522599999999,0.6543612400000001
pure,OV_Ip_pkc,2ICA,3,131112,128.0,0.8539522599999999,0.6543612400000001
pure,OV_Ip_pkc,3ICA,4,174816,128.0,0.8539522599999999,0.6543612400000001
pure,OV_Ip_pkc,4ICA,5,218520,128.0,0.8539522599999999,0.6543612400000001
pure,OV_Is_pkc,1ICA,2,133344,96.0,0.81566998,0.70207284
pure,OV_Is_pkc,2ICA,3,200016,96.0,0.81566998,0.70207284
pure,OV_Is_pkc,3ICA,4,266688,96.0,0.81566998,0.70207284
pure,OV_Is_pkc,4ICA,5,333360,96.0,0.81566998,0.70207284
pure,OV_V_pkc,1ICA,2,894504,260.0,1.04274534,1.6053067200000002
pure,OV_V_pkc,2ICA,3,1341756,260.0,1.04274534,1.6053067200000002
pure,OV_V_pkc,3ICA,4,1789008,260.0,1.04274534,1.6053067200000002
pure,OV_V_pkc,4ICA,5,2236260,260.0,1.04274534,1.6053067200000002
pure,qruov1q7l10v740m100,1ICA,2,41944,331.0,20.30478666,18.24869666
pure,qruov1q7l10v740m100,2ICA,3,62916,331.0,20.30478666,18.24869666
pure,qruov1q7l10v740m100,3ICA,4,83888,331.0,20.30478666,18.24869666
pure,qruov1q7l10v740m100,4ICA,5,104860,331.0,20.30478666,18.24869666
pure,qruov3q7l10v1100m140,1ICA,2,111276,489.0,61.8923208,54.247444400000006
pure,qruov3q7l10v1100m140,2ICA,3,166914,489.0,61.8923208,54.247444400000006
pure,qruov3q7l10v1100m140,3ICA,4,222552,489.0,61.8923208,54.247444400000006
pure,qruov3q7l10v1100m140,4ICA,5,278190,489.0,61.8923208,54.247444400000006
pure,qruov5q7l10v1490m190,1ICA,2,272138,662.0,156.36966474000002,129.82177582
pure,qruov5q7l10v1490m190,2ICA,3,408207,662.0,156.36966474000002,129.82177582
pure,qruov5q7l10v1490m190,3ICA,4,544276,662.0,156.36966474000002,129.82177582
pure,qruov5q7l10v1490m190,4ICA,5,680345,662.0,156.36966474000002,129.82177582
pure,sdithhypercubecat1gf256,1ICA,2,17256,8496.0,14.51854922,14.10496598
pure,sdithhypercubecat1gf256,2ICA,3,25884,8496.0,14.51854922,14.10496598
pure,sdithhypercubecat1gf256,3ICA,4,34512,8496.0,14.51854922,14.10496598
pure,sdithhypercubecat1gf256,4ICA,5,43140,8496.0,14.51854922,14.10496598
pure,sdithhypercubecat3gf256,1ICA,2,39448,19544.0,38.71768726,36.41448552
pure,sdithhypercubecat3gf256,2ICA,3,59172,19544.0,38.71768726,36.41448552
pure,sdithhypercubecat3gf256,3ICA,4,78896,19544.0,38.71768726,36.41448552
pure,sdithhypercubecat3gf256,4ICA,5,98620,19544.0,38.71768726,36.41448552
pure,sdithhypercubecat5gf256,1ICA,2,68336,33924.0,71.21398582,66.61056472
pure,sdithhypercubecat5gf256,2ICA,3,102504,33924.0,71.21398582,66.61056472
pure,sdithhypercubecat5gf256,3ICA,4,136672,33924.0,71.21398582,66.61056472
pure,sdithhypercubecat5gf256,4ICA,5,170840,33924.0,71.21398582,66.61056472
pure,sdiththresholdcat1gf256,1ICA,2,21632,10385.6,6.42715056,1.64566084
pure,sdiththresholdcat1gf256,2ICA,3,32448,10385.6,6.42715056,1.64566084
pure,sdiththresholdcat1gf256,3ICA,4,43264,10385.6,6.42715056,1.64566084
pure,sdiththresholdcat1gf256,4ICA,5,54080,10385.6,6.42715056,1.64566084
pure,sdiththresholdcat3gf256,1ICA,2,52288,25253.44,15.007958960000002,3.5056944399999996
pure,sdiththresholdcat3gf256,2ICA,3,78432,25253.44,15.007958960000002,3.5056944399999996
pure,sdiththresholdcat3gf256,3ICA,4,104576,25253.44,15.007958960000002,3.5056944399999996
pure,sdiththresholdcat3gf256,4ICA,5,130720,25253.44,15.007958960000002,3.5056944399999996
pure,sdiththresholdcat5gf256,1ICA,2,91840,44299.84,32.2494976,5.903282860000001
pure,sdiththresholdcat5gf256,2ICA,3,137760,44299.84,32.2494976,5.903282860000001
pure,sdiththresholdcat5gf256,3ICA,4,183680,44299.84,32.2494976,5.903282860000001
pure,sdiththresholdcat5gf256,4ICA,5,229600,44299.84,32.2494976,5.903282860000001
pure,slhdsasha2128f,1ICA,2,34240,17088.0,31.693980200000002,2.6720611400000003
pure,slhdsasha2128f,2ICA,3,51360,17088.0,31.693980200000002,2.6720611400000003
pure,slhdsasha2128f,3ICA,4,68480,17088.0,31.693980200000002,2.6720611400000003
pure,slhdsasha2128f,4ICA,5,85600,17088.0,31.693980200000002,2.6720611400000003
pure,slhdsasha2128s,1ICA,2,15776,7856.0,647.2478837599999,1.4833199
pure,slhdsasha2128s,2ICA,3,23664,7856.0,647.2478837599999,1.4833199
pure,slhdsasha2128s,3ICA,4,31552,7856.0,647.2478837599999,1.4833199
pure,slhdsasha2128s,4ICA,5,39440,7856.0,647.2478837599999,1.4833199
pure,slhdsasha2192f,1ICA,2,71424,35664.0,52.64842862,3.4203787
pure,slhdsasha2192f,2ICA,3,107136,35664.0,52.64842862,3.4203787
pure,slhdsasha2192f,3ICA,4,142848,35664.0,52.64842862,3.4203787
pure,slhdsasha2192f,4ICA,5,178560,35664.0,52.64842862,3.4203787
pure,slhdsasha2192s,1ICA,2,32544,16224.0,1172.9702366200002,1.8165958
pure,slhdsasha2192s,2ICA,3,48816,16224.0,1172.9702366200002,1.8165958
pure,slhdsasha2192s,3ICA,4,65088,16224.0,1172.9702366200002,1.8165958
pure,slhdsasha2192s,4ICA,5,81360,16224.0,1172.9702366200002,1.8165958
pure,slhdsasha2256f,1ICA,2,99840,49856.0,106.46302739999999,3.7254758399999996
pure,slhdsasha2256f,2ICA,3,149760,49856.0,106.46302739999999,3.7254758399999996
pure,slhdsasha2256f,3ICA,4,199680,49856.0,106.46302739999999,3.7254758399999996
pure,slhdsasha2256f,4ICA,5,249600,49856.0,106.46302739999999,3.7254758399999996
pure,slhdsasha2256s,1ICA,2,59712,29792.0,1043.7446325800001,2.14319776
pure,slhdsasha2256s,2ICA,3,89568,29792.0,1043.7446325800001,2.14319776
pure,slhdsasha2256s,3ICA,4,119424,29792.0,1043.7446325800001,2.14319776
pure,slhdsasha2256s,4ICA,5,149280,29792.0,1043.7446325800001,2.14319776
pure,slhdsashake128f,1ICA,2,34240,17088.0,48.860745820000005,3.70290254
pure,slhdsashake128f,2ICA,3,51360,17088.0,48.860745820000005,3.70290254
pure,slhdsashake128f,3ICA,4,68480,17088.0,48.860745820000005,3.70290254
pure,slhdsashake128f,4ICA,5,85600,17088.0,48.860745820000005,3.70290254
pure,slhdsashake128s,1ICA,2,15776,7856.0,1005.12495284,1.8619381799999999
pure,slhdsashake128s,2ICA,3,23664,7856.0,1005.12495284,1.8619381799999999
pure,slhdsashake128s,3ICA,4,31552,7856.0,1005.12495284,1.8619381799999999
pure,slhdsashake128s,4ICA,5,39440,7856.0,1005.12495284,1.8619381799999999
pure,slhdsashake192f,1ICA,2,71424,35664.0,80.17301830000001,4.89886172
pure,slhdsashake192f,2ICA,3,107136,35664.0,80.17301830000001,4.89886172
pure,slhdsashake192f,3ICA,4,142848,35664.0,80.17301830000001,4.89886172
pure,slhdsashake192f,4ICA,5,178560,35664.0,80.17301830000001,4.89886172
pure,slhdsashake192s,1ICA,2,32544,16224.0,1794.7501661600002,2.23453914
pure,slhdsashake192s,2ICA,3,48816,16224.0,1794.7501661600002,2.23453914
pure,slhdsashake192s,3ICA,4,65088,16224.0,1794.7501661600002,2.23453914
pure,slhdsashake192s,4ICA,5,81360,16224.0,1794.7501661600002,2.23453914
pure,slhdsashake256f,1ICA,2,99840,49856.0,165.00502260000002,5.04000362
pure,slhdsashake256f,2ICA,3,149760,49856.0,165.00502260000002,5.04000362
pure,slhdsashake256f,3ICA,4,199680,49856.0,165.00502260000002,5.04000362
pure,slhdsashake256f,4ICA,5,249600,49856.0,165.00502260000002,5.04000362
pure,slhdsashake256s,1ICA,2,59712,29792.0,1614.08191218,2.8955047
pure,slhdsashake256s,2ICA,3,89568,29792.0,1614.08191218,2.8955047
pure,slhdsashake256s,3ICA,4,119424,29792.0,1614.08191218,2.8955047
pure,slhdsashake256s,4ICA,5,149280,29792.0,1614.08191218,2.8955047
pure,snova2454,1ICA,2,2528,248.0,1.23830894,0.6991075000000001
pure,snova2454,2ICA,3,3792,248.0,1.23830894,0.6991075000000001
pure,snova2454,3ICA,4,5056,248.0,1.23830894,0.6991075000000001
pure,snova2454,4ICA,5,6320,248.0,1.23830894,0.6991075000000001
pure,snova2455,1ICA,2,3916,379.0,1.8441308800000002,1.0038572399999999
pure,snova2455,2ICA,3,5874,379.0,1.8441308800000002,1.0038572399999999
pure,snova2455,3ICA,4,7832,379.0,1.8441308800000002,1.0038572399999999
pure,snova2455,4ICA,5,9790,379.0,1.8441308800000002,1.0038572399999999
pure,snova2965,1ICA,2,6340,454.0,2.45629878,1.2607124
pure,snova2965,2ICA,3,9510,454.0,2.45629878,1.2607124
pure,snova2965,3ICA,4,12680,454.0,2.45629878,1.2607124
pure,snova2965,4ICA,5,15850,454.0,2.45629878,1.2607124
pure,snova37172,1ICA,2,19932,124.0,1.1533258000000002,0.71763134
pure,snova37172,2ICA,3,29898,124.0,1.1533258000000002,0.71763134
pure,snova37172,3ICA,4,39864,124.0,1.1533258000000002,0.71763134
pure,snova37172,4ICA,5,49830,124.0,1.1533258000000002,0.71763134
pure,sqisign1,1ICA,2,1188,200.0,58.344192899999996,7.8904305
pure,sqisign1,2ICA,3,1755,200.0,58.344192899999996,7.8904305
pure,sqisign1,3ICA,4,2319,200.0,58.344192899999996,7.8904305
pure,sqisign1,4ICA,5,2885,200.0,58.344192899999996,7.8904305
pure,sqisign3,1ICA,2,1498,306.0,216.12979614,23.24830824
pure,sqisign3,2ICA,3,2220,306.0,216.12979614,23.24830824
pure,sqisign3,3ICA,4,2940,306.0,216.12979614,23.24830824
pure,sqisign3,4ICA,5,3660,306.0,216.12979614,23.24830824
pure,sqisign5,1ICA,2,1778,406.0,423.12547448,44.49665666
pure,sqisign5,2ICA,3,2640,406.0,423.12547448,44.49665666
pure,sqisign5,3ICA,4,3500,406.0,423.12547448,44.49665666
pure,sqisign5,4ICA,5,4360,406.0,423.12547448,44.49665666
