algorithm,samples,sign_mean_ms,verify_mean_ms,signature_bytes_mean,raw_sha256
OV_III_pkc,50,0.9187812599999999,0.94675916,200.0,657a3ab8b64cc1b3e2885a357c5d7f644e236311904adaa702db31c95fdb7730
OV_Ip_pkc,50,0.8539522599999999,0.66293778,128.0,e0c6c6325e92d8b99f40ee8d5efbf0df9cfe4ca2cc7554fbf9c61aa16a8bd676
OV_Is_pkc,50,0.81566998,0.69131816,96.0,4588a93d08f139086d1cd8d9ae8c613fcd09d35819b42ffbfc6b9343a4f8ee0e
OV_V_pkc,50,1.04274534,1.5952099000000002,260.0,d238fdda55655664f8a6a66dd1b7633d752a89444d40631807c2dfc3fc38b0df
faest128f,50,18.46494614,14.7863821,5924.0,78aff92ab18fdb51ce17b796054e5e541c86c74ec8c94801baffd2f4fc3c39f5
faest128s,50,57.081241760000005,49.64539358,4506.0,860c9b5029b1e05683e424892c9d627af0d475cc7c0e69b4615a38ad22a1c729
faest192f,50,92.30423498,67.43531602,14948.0,aabb7b42c86850077eedb47e7ec31ad350f3376ef7afabd1740012ada78facd8
faest192s,50,224.32448155999998,184.42690535999998,11260.0,9947a0cd95769e5b751f9ecc30024fd5b8ba8af8c4b842a6d6b748b71e96cff1
faest256f,50,120.28434444,92.66423872,26548.0,37dafb7f12dc6be58a24b3ec4786abdc11700b0a0bd2ff35e677beea741745e0
faest256s,50,366.29095086,334.9271164,20696.0,ce1add82ac6d919970b2c45c48c541009e4d353c8ed1cd934249a6c3c7fb57ab
falcon1024,50,1.1883202,0.7726624200000001,1271.3,b1a244b838d758b40e811ed73fd55928482cf20d282d15fb79f6095674ff9b54
falcon512,50,1.0060230799999998,0.7092757199999999,655.24,3243d8b710759448929f38505b85df87390feb08667e91bc562ed1ba9862a575
hawk1024,50,0.83243688,0.66079586,1221.0,01692da0a080c5f85b5fc3f17fcaf6468110d7b021d0df6c9323a826c39cf0c4
hawk512,50,0.80141528,0.6282838199999999,555.0,fe143c25f78158f7e2c23747f4aea7e7e2785f956ef4ab0e25f4fd0dd7fdd661
mayo1,50,0.9738321600000001,0.6873027399999999,454.0,73f8d779778922cf059ea3e180b26c61e30556c05674bf36af930f03619ba896
mayo2,50,0.87815036,0.63233188,186.0,920a93a3428a2a9226a957459aa5bb2b79faf4c99c98ac3ee46843717cee9265
mayo3,50,1.16702082,0.8276558,681.0,972d7b29de4edf183f5780ac8d57df58746e5a68a497ea4e5fc204cf3f3c45e4
mayo5,50,1.6756195400000002,1.1134215,964.0,2fcbac1823839e3334b86a7ca1f2da24e848e6445e24d5cd66f396d096f64de6
mldsa44,50,0.71714122,0.1461749,2420.0,05d010e8162db4f4d08f1636f0580851e5f0c6d0dcca87dedc767f0d40e718d2
mldsa65,50,1.24955298,0.24075542,3309.0,0c99c58b0d4aa5ecceb11d91e862588f4ffb7166a3a2f1dc073b15fcea430f87
mldsa87,50,1.3919901,0.33642002,4627.0,2dbb58eec0535e1178b48751b693e1ed5df91e7f398930ae8ce6e8cd8b71fce9
mqom2cat1gf16fastr5,50,2.02678264,2.0658570800000002,3280.0,0437757cfd126964e8d47670cdee0bbad9ab3fb873fd75b6f572119f23262f04
mqom2cat3gf16fastr5,50,5.99163344,5.82385166,7738.0,6c7835dcc6eb6860fafe539caf621b24eb760dc90e27d95ef4794cc83fdeded0
mqom2cat5gf16fastr5,50,12.72177732,12.35158148,13772.0,0fbd5543cc7de73cb31e1deeba1bcfa6cfde510b21811368a7441ecc8d99a75b
p256_OV_Ip_pkc,50,0.90108348,0.85287756,202.9,d005d6cb7d09dfcbae9020152ea684d3f9f6532619d84d906cbe15b5a379c055
p256_OV_Is_pkc,50,0.9254946,0.85607166,171.02,e78056eec90063b14036fc697b08575e31f2198fa31fc719911449622b86751d
p256_faest128f,50,18.4113905,14.92539434,5998.92,bc6aa3cb00f22be32011b60a50ea54283210f7fa201e5f046d99a141bf1b4f9a
p256_faest128s,50,57.55708306,49.872221520000004,4581.0,330f7a2970577edded10a10a35e0780b291c60b827b06e25a5a488a78916c93f
p256_falcon512,50,1.06072312,0.89470834,730.5,31daf8f22dee19a53262d3f7c8eb18ff1c6afd2ec52b91d3ceb5440e18afacfd
p256_hawk512,50,0.8849465000000001,0.76203864,630.04,458045f3f2c39e01945801aaf433956b3ba510cf8fc42cd689357de8f19f6a88
p256_mayo1,50,1.0786795200000001,0.79915132,529.1,728f7dcbb535f326450a34d68896d0cd2dfa9c9db7fc63a64a264ffde6d2bb69
p256_mayo2,50,0.9758090799999999,0.7551074400000001,261.0,93a2ab25fd2691e453f3194fef8836b0d0089aa4a7307c46c7c1c143b7177918
p256_mldsa44,50,0.9513522999999999,0.78442218,2495.06,2ce5ec301e0b44d3882cdcd467e3b477a7365fd88a918a5011aed29a05526e04
p256_mqom2cat1gf16fastr5,50,2.22406376,2.02929176,3354.94,17fd371b4fcd72e7baa65e9ee01cc44632a093a3061a9880c00235966956d515
p256_qruov1q7l10v740m100,50,20.33658782,18.42015692,405.9,18016ab2b1742ecac7537083117f991c9e9d0fbf9c7c163c80856851c4eafdcd
p256_sdithhypercubecat1gf256,50,14.67059934,14.3304671,8571.0,084b5d5dca01486999ed0882ac935ea32ee281127b64a7996955c45825391b1c
p256_sdiththresholdcat1gf256,50,6.62881542,1.7034732399999999,10423.96,825d9079eee69bc80e1bb80fd570cf2016afcd82c7979f2f99bdce3a7c6ae33c
p256_slhdsasha2128f,50,31.76290082,2.9193619799999997,17163.06,d29d43ca7511f2a85a2122a32cbe78ee6f72198e609b6f08e8ecdb3f2ab98bef
p256_slhdsasha2128s,50,647.4048328,1.65029068,7930.94,fe08d106beef7fa4c52279db9691cae7fa5503e019e1bbaed49e15e7f9acea8d
p256_slhdsashake128f,50,49.17877198,3.81379776,17163.04,9d214c03ba193b96cd928167764ceacf8108a573a3d5bad5bc2c6de63649f8e3
p256_slhdsashake128s,50,1005.76495102,1.9390404,7930.8,773795367ca49e7bd0229310ce02e276fdb272383ade4c6930b5d997fa359a13
p256_snova2454,50,1.31802292,0.90947614,322.92,ec187524c46906d6746f3d1b2dad6dfba525c148610271db95905f14025f419c
p256_snova37172,50,1.26366836,0.8922432,198.96,bd5b1a2b2fd21e1b2c42d3f49b9be3e4162eaaaab2bc93c475522cb13f39ab5f
p256_sqisign1,50,57.59882578,7.9579958,275.12,8ef742ab3e1dd1f8b1e537e5b3a7ae535f8274fb34a408885ac5b87810012f80
p384_OV_III_pkc,50,2.0463482600000003,2.15525294,306.98,11e94d652041bcaec140a428c85b3193d539187b3b3894923d95a457c38abe2c
p384_faest192f,50,93.64197136000001,68.61766044,15054.94,5fadea3120bc507fc9776814554106ee68fd001a674f46914c8a8586be8aa3b9
p384_faest192s,50,220.0438208,185.27675408,11367.16,418e94374a5d3f3eb573c5ea7ff18f9eb70b226db7ac4d423b1c9890a4b0ff88
p384_mayo3,50,2.2724699200000003,1.90047786,788.04,97c3f48f208fe9d02b8e11f326474e1fa3af5a9fdeeb7b869ae7591a4b0f4c42
p384_mldsa65,50,2.05514732,1.69131824,3416.1,ed011cc39758075aecb55ea9cf32d47c536e8d750de60a9ac77a670023ccc645
p384_mqom2cat3gf16fastr5,50,7.27746474,6.85999192,7845.04,17d279935ff55437de4baf645e8f24fb035cae79c56db390818a21fbcb2d7e65
p384_qruov3q7l10v1100m140,50,63.10548558000001,55.5036279,595.9,b6fbbc32d9b06b92d1730bdf415884713e5183c23b4e85e7c0a3e388b509c71a
p384_sdithhypercubecat3gf256,50,40.03705978,37.72568524,19650.86,3415b6c3813a844d74a68b723da7f68e9bbd824220ceb948bf4cfe450857d985
p384_sdiththresholdcat3gf256,50,16.5681115,4.71755268,25379.66,f18b9adbc5af8ad8c465d85a3bf69504d9e03fdfd3b14ce82361ff5a98b61d82
p384_slhdsasha2192f,50,53.742072019999995,4.69752476,35770.74,d3d8fedb51201e7032fd4a92e44e2e1793c4e933e1b3de7394ed6f8b9ff40e62
p384_slhdsasha2192s,50,1174.47634894,2.94408712,16331.16,5c91126c50b9f23cf74883896e4260065583a7b0dd4b49eccaf3922e231c8465
p384_slhdsashake192f,50,81.1946872,6.0495003999999994,35770.84,5206055fa85f114ff2ffe23dae025ced9a1594bbdf288dcc2f15eb165bb27828
p384_slhdsashake192s,50,1792.42844878,3.2954457,16330.88,2782b219fe0ccc8a4a5a33cdb953d1b102bdc1d04a6a0443b66ac943e2b9ae37
p384_snova2455,50,3.22181944,2.09034282,485.84,b60f49d669cc89f60b6e0cb698f08e12fbc089c3b8233b316376c6f29e15daa4
p384_sqisign3,50,208.26913258000002,24.2995207,412.86,a972a0cf09dc1751afcefea0db09c0c18251b22949c792474816799f8992cb10
p521_OV_V_pkc,50,3.6471817800000004,3.86846148,402.54,e1b4e439a8171f0f0262f3e6cb483ca54854a08bdeb3ddd566738fdf81907954
p521_faest256f,50,122.63508318,94.32127952,26690.4,21da3035084008447a573c212726315dd4aa5193ef37d4e964001feca2c10907
p521_faest256s,50,368.09407980000003,337.9316775,20838.56,40e149c6439e21090ce4c6a93cb8f0e277ba672b58e67955dc341f57bfb78a1d
p521_falcon1024,50,3.89056368,3.0499584800000004,1412.88,976fb76752f2fed000a6f1fe4b0a92bf7a44c8fb3810b430f0419836ae7a5484
p521_hawk1024,50,3.4503594399999997,2.9425728199999996,1363.68,1a5d53a68ee5a70514e17b50ebee726b5485a28b411e56d9ea9fd33590141cb9
p521_mayo5,50,4.28620558,3.5269265,1106.38,cc15a87798c5defcf94be91708f8a35f623ada51906f24c26dc238988831cee4
p521_mldsa87,50,3.55372678,3.0143921799999998,4769.66,e37c8651d790ddb78c1ce3bd123b238d11cca171fda3f033590415bb95d7659f
p521_mqom2cat5gf16fastr5,50,15.539327559999998,14.29944276,13914.4,a0d693bdf265e1776ce13c32013c158ee97e653c5a41e89383f2cc3ba1cdfa13
p521_qruov5q7l10v1490m190,50,158.56815032,132.13255884,804.38,f20dd3a0fe1aaba5129ae86270c3a53ffed44b1202fa3f050b04846e47369b3e
p521_sdithhypercubecat5gf256,50,73.72651802,68.79049892,34066.44,b6a34ca863570bc75f2f3bdd6066a94a614c076611473d2c16d23d578449a4f6
p521_sdiththresholdcat5gf256,50,35.1853986,8.19723026,44607.4,0f7a140c49322b185b1cc103211be6de35e6ac5743f6e99e1c36673f7bd6ef6c
p521_slhdsasha2256f,50,109.17768956,5.780143399999999,49998.46,acbc73a74b94685edaae899b9fea3ef06df1290e3198fca6ac7b61d70b0b8cc0
p521_slhdsasha2256s,50,1047.31997568,4.4976033,29934.52,675c16511be88337f53ce2e5be9dd57a1c2868f30c8ff09f42fad1bcad1df630
p521_slhdsashake256f,50,167.7769656,7.3148827800000005,49998.52,2174cf894878da709f40a8a869f7cbd72c43bf87b402d02cf6c23bb9af65be89
p521_slhdsashake256s,50,1616.61844938,5.16469108,29934.46,9d4e2ed7cb6f48e7e25da87ea78eb8440d7a6e108a4780c19aa1517ca2488ecc
p521_snova2965,50,5.3831877,3.40631898,596.52,db9000b1d44e103a9fa5ef5902e75856c0862b726ad75f7f97773bb06cca442f
p521_sqisign5,50,409.23381356,46.826896340000005,548.54,6bfa068476d62bc4f2b861cdccda76333ae1fff8819b0aa8404995b976a80ad3
qruov1q7l10v740m100,50,20.30478666,18.180156179999997,331.0,e0fceddf2596deefa52aecf9dda466f3c531d883bb673908e450c525ed42823f
qruov3q7l10v1100m140,50,61.8923208,54.47943849999999,489.0,a9cb121c99a559ee178f7c87046cf82db8a85fda6f13110fd846773a7164d54c
qruov5q7l10v1490m190,50,156.36966474000002,130.19464847999998,662.0,1722ac9ddfbdae3981fc2a22c6153d957b35eb7ad024426d7d071e9d76af0cf5
rsa15360_OV_V_pkc,50,381.7859762,3.48634162,2184.0,11ac83db492a21114f72312a547b14e7525076e4c35417e402206ce8429b481a
rsa15360_faest256f,50,494.34215526,94.24578436,28472.0,2834a6f74031b64efe96c62babdceff8a19ffa4cd8a3c3fd7787a9650cd7c916
rsa15360_faest256s,50,748.60700174,336.77376678,22620.0,68095ed3afae60cd6bc8b050f1878326ef9e92df8ed8ebf762d35d0e75c9ff6b
rsa15360_falcon1024,50,383.96424888,2.7550605000000004,3195.02,5bb615dafe9cf87ec5abc01b10e2dc065a867f2e024e34574c3d30a58a406acd
rsa15360_hawk1024,50,383.32130728,2.6536801000000003,3145.0,9f9a75eec82eb69a66fced3b052dfea4c31b96b9ce1cd45d347b3dba21da0087
rsa15360_mayo5,50,384.01819744,3.0122609799999998,2888.0,05a2196443903f2906d62e778ac8f81f83ce6b5f8353511403d579bc15c58d6a
rsa15360_mldsa87,50,383.86398606,2.6587624599999997,6551.0,242f279f7e19cc37fcb3a9210302757f567b85a01647756337e0900240f1c543
rsa15360_mqom2cat5gf16fastr5,50,395.61356992000003,14.068747499999999,15696.0,aa97da5a5b2a5b0308935929ca7f65f2ea79893818037741908c11e7fe124fe7
rsa15360_qruov5q7l10v1490m190,50,534.19742318,131.80324276,2586.0,4b1d9c467fb2ef90797cb6f9f306d4905580cd0007af5cce09270ca3f05816f1
rsa15360_sdithhypercubecat5gf256,50,453.64436636,68.41904358,35848.0,7f168f7439407cf032a2be5b03d5c78e6c9ff00fac09c51c4f994015896621b9
rsa15360_sdiththresholdcat5gf256,50,407.06073724000004,7.76600842,46410.72,3ca80663543bbb8887dd2f081faeea4fb2e38846ff74aad6e669853a29ebbadd
rsa15360_slhdsasha2256f,50,489.88514012,5.301682899999999,51780.0,1b037fe4514e17ab3232399cf40189d4211e41f423dd37bc60529584f7fea355
rsa15360_slhdsasha2256s,50,1426.8765470399999,3.8984091999999997,31716.0,d8c532c52a4a692134fb60d1dbad8fe2c9566e8124272c3a646fe11fb5d64cc9
rsa15360_slhdsashake256f,50,539.25752268,6.77840864,51780.0,5f01fc74533f8c742476c540e186e2065d992abebddb3d8a659b138beee2815f
rsa15360_slhdsashake256s,50,1997.4611317999997,4.72444014,31716.0,2eca836f3079362a8beef16e4716e8eaf9054b4c78abc2d28c5cb6f35b23932f
rsa15360_snova2965,50,385.8499908,3.1535243000000004,2378.0,c4f03ef31e66b9f954152fb34f8d432261a6a202e6e471175d9bd4523ff531c9
rsa15360_sqisign5,50,809.64967764,46.128156600000004,2330.0,d611920cf1fb90010ac345bcd701c0dfb3d1486a32038e37b2891466ed2e6795
rsa3072_OV_Ip_pkc,50,4.02323502,0.91552328,516.0,7a03b841e2d00676fe68dc7abe6847e5e258e47367ba1f2cd50a7bd8c977fcdd
rsa3072_OV_Is_pkc,50,4.09570438,0.94146312,484.0,51d20e2f52ce4e64b5d2d061740b1d9a569bfc135a39a4a1b5c09c47d5ceae62
rsa3072_faest128f,50,21.76768756,15.00586466,6312.0,aac61c66a36a2b99c38e610c8ef09094f9ee4fb1124e5cbfdd6f67e9e0674633
rsa3072_faest128s,50,59.99939146,49.81195616,4894.0,c22def83eb7a2a9a7d1179380b92c01a60a858879b4a26cd86af9574f7707a1a
rsa3072_falcon512,50,4.33375998,0.91989794,1043.24,3e3120979c82c9b6a89908af88065f8d674204dfad3cbafcc45a9df065854b89
rsa3072_hawk512,50,4.0367986,0.8197788800000001,943.0,80dea80509268135095b85d433ee9246cb2b55364739120fa56b155ccad874c6
rsa3072_mayo1,50,4.36549356,0.91193998,842.0,99a178bfaa124a7e6b91c0685be1f965eff744bbebb86bbcb4b05c3a5aa49b96
rsa3072_mayo2,50,4.14839266,0.8880250599999999,574.0,8ed30491c54bfa85dd981bb8f8a3469db7f4ba3a0708488ce4687aa6490b7120
rsa3072_mldsa44,50,4.1725179400000005,0.9404728400000001,2808.0,443a41befa0062826458cd686f70f95086e369b5ab8c6816fe557f3004f8cc03
rsa3072_mqom2cat1gf16fastr5,50,5.54430832,2.06526446,3668.0,dde4846639155e18299ba5b57a6389975331a55cc4b11f54714482281a11bf64
rsa3072_qruov1q7l10v740m100,50,23.65556396,18.37614228,719.0,e0de35c2338890297f6ac4373f00964c6b862c3b9f962ec2cd6cf13e02dfa96a
rsa3072_sdithhypercubecat1gf256,50,18.1181725,14.11492262,8884.0,604aa3526229ca75b8243d2bac618c77899e823b8afb12f7c654bf4d2f649311
rsa3072_sdiththresholdcat1gf256,50,9.9400593,1.7792527200000001,10736.48,12f98e79f7d0991c55451da53f742106d12d57009aaa2751e56ddfc1b720f872
rsa3072_slhdsasha2128f,50,35.14300076,2.7950324,17476.0,5d271fdb7eae5cf65f7eeee59b920914e9cf0fb9881cb13394af02754fc3eb5b
rsa3072_slhdsasha2128s,50,651.8047660799999,1.5353295,8244.0,891b47bf3e5d000b5ceaa0a865c7c4d597a4c65df5d91b7a74ae18a339fd0465
rsa3072_slhdsashake128f,50,52.37526628,3.91384686,17476.0,592d3bc9a6814d1d528dadd3d41ac79a29c340d7d646f43681b85701a80322f5
rsa3072_slhdsashake128s,50,1007.46629116,1.99337366,8244.0,d179f7cc8ae06960d6067ffa86de96acb299c25f3ce834a3c306b5cc5a673ada
rsa3072_snova2454,50,4.63330394,0.98119148,636.0,92349234a928bfa90f924a36eeb3c02dd13482da4e4dc7188903c293e4514ca9
rsa3072_snova37172,50,4.57019544,0.9226084400000001,512.0,23369d74e9c6e5e4b4f85ca871c64c2d42ee6efb36fa6aacece3d727e4fcc78d
rsa3072_sqisign1,50,62.65887366,7.968350500000001,588.0,de4afa917d1778ab9009d1a74bb00aac3072888252c38643592c1555563290dc
rsa7680_OV_III_pkc,50,71.56604716,1.6348621399999999,1164.0,ff5a982656ffdf143164a78c132b60d4e561720bab74bf1788d0271dd6e0842a
rsa7680_faest192f,50,163.1139054,68.04501802,15912.0,875b6f3075c58fb2557c89f274ee090517cb595c755ab48ab4f87ba27f789b60
rsa7680_faest192s,50,293.46916304,185.04836166,12224.0,f0d2fcaa25aa68599fa74fb34c6d7a68be41f2b5241fedafae1dfe0c78c6fc70
rsa7680_mayo3,50,73.70216185999999,1.4352139,1645.0,66d2a57df7b24b91bdcadd3c64d36a47d26ce845896f52fc108cfc781c843bc7
rsa7680_mldsa65,50,72.04748330000001,1.3190653,4273.0,1ec882035b284e14e719ccadb0a08624403310dad04ecfe2180d1894c84a8695
rsa7680_mqom2cat3gf16fastr5,50,76.89064669999999,6.3769770800000005,8702.0,df4e08ab51a77d8a6bc3284826af8ec2d82e31f550830363dab54d5d2ad4e26a
rsa7680_qruov3q7l10v1100m140,50,132.72765798,54.82146898,1453.0,4ae42ce26206c9144fbafb5a1304abe67077530784687d7b738c5c273c51e375
rsa7680_sdithhypercubecat3gf256,50,109.77353826000001,37.30259594,20508.0,3c0237d3195aac540fc43d0db8ab940780d6408f92315d8eaf570431cc5e3eb1
rsa7680_sdiththresholdcat3gf256,50,86.3781107,4.18392816,26209.76,bd71a561c15b758f62760d60ede7e52a9bf2ff76058faaa2609244822e77b2d3
rsa7680_slhdsasha2192f,50,125.63753182,4.06340238,36628.0,3ad90f7f7bb8d1b00b4f72cb924c7a94cf98427fc1a085082441d473cd15c539
rsa7680_slhdsasha2192s,50,1246.85192182,2.27291328,17188.0,0369e775a9762a9c85ed52865be876e1a5eb42504cc5c839c2b7750af5ae32cf
rsa7680_slhdsashake192f,50,150.92034698,5.46163292,36628.0,fa76f931d60c65082da6095b0a536a15d52bd31f44f8ca635754e92322766bd9
rsa7680_slhdsashake192s,50,1867.9482877,2.84609348,17188.0,468a634f20180133217be91ef34dec2d51e82884a9607a1ee85c5486b47c3167
rsa7680_snova2455,50,73.20245713999999,1.59570102,1343.0,1211bfacb75ccb8ebd38568f726c4f8e118ef21708e74ee6029d8732ae24878a
rsa7680_sqisign3,50,284.17976344,23.6069139,1270.0,93f7fb7a031a44451769d7a5b7202e2fd2d8c8b76be8502961c831b18eff4b14
sdithhypercubecat1gf256,50,14.51854922,14.33963804,8496.0,968e1401086f677a9d1b97fe4bf69dabfab686e4fd757741f2d6e168062a7da4
sdithhypercubecat3gf256,50,38.71768726,36.68837484,19544.0,15c592ce9a1a6d76dd8576b3029bbb7f87a364e757a44e12d13eb931f4f724d9
sdithhypercubecat5gf256,50,71.21398582,67.00296,33924.0,91acecf409661e7d0b1467d6949abd162350ab87dfbb322513dc3c663cd65bd7
sdiththresholdcat1gf256,50,6.42715056,1.6159609599999998,10385.6,39edacddafe15d251ae2f0e931fef4dbca88dc857434b8559d8c12c769a8ce69
sdiththresholdcat3gf256,50,15.007958960000002,3.5571264,25253.44,6949844fd1204adaa5d981d528622f12b2e2b127c2e909aa919cc58b90d45f7b
sdiththresholdcat5gf256,50,32.2494976,5.948978059999999,44299.84,f65e6a3e56e35cb243d022a6085775bce455f4dacc686320f459e280810566b9
slhdsasha2128f,50,31.693980200000002,2.60268398,17088.0,4088d4b1756432350a28dc3695b863aa2f1b04c93e9e8ae01bb855a0080cb6e5
slhdsasha2128s,50,647.2478837599999,1.5024514,7856.0,ba849f255cc122207e4548f68494127ad120db31e786e5e8dddb1b2a1dd421af
slhdsasha2192f,50,52.64842862,3.59281366,35664.0,a581bc88dafa2d4adfa05ede2e30fbd74093fe2a53b49330f89514461ecacbc3
slhdsasha2192s,50,1172.9702366200002,1.83299744,16224.0,b6577ab405319e74c332b332d253408ba050eb5c1f76877378dadd0ae4bf2f67
slhdsasha2256f,50,106.46302739999999,3.62256506,49856.0,c8771400440c1110147aca14ca37a4e96eb7462833f2ec1c774fec68d0538e38
slhdsasha2256s,50,1043.7446325800001,2.3071899,29792.0,467064cb26c9c46b0566ce1b14ecf92f5b23f07006ae9fe3eed74859c2399c5c
slhdsashake128f,50,48.860745820000005,3.70816672,17088.0,a65f839a9be51f1933111494dce96c27b455f2ee8b02237151bd946d5667e3eb
slhdsashake128s,50,1005.12495284,1.92383076,7856.0,ddaacd9f7ca7342ae2ebfbcc01fad793d3b1e8f09dd9d735fb35451aa0f1caf9
slhdsashake192f,50,80.17301830000001,4.99633124,35664.0,ca400bacef45c368d543fa7f034fe7294c8753f943f7411dc8887097bc58a26a
slhdsashake192s,50,1794.7501661600002,2.42277986,16224.0,cac3f5a4ab8f04ce28b7c96fb1f56ae1939e7d8cca1876fe8e43f168e397fa6c
slhdsashake256f,50,165.00502260000002,5.16958256,49856.0,52a791b05e5143b3cea0a185e4e2bb42856809cbf0eb255f7bb6beec46b6f7da
slhdsashake256s,50,1614.08191218,2.88405284,29792.0,b678d20b2ab1d077aefd91425129f67fdfbe78e4ac70092213e463db0acb9392
snova2454,50,1.23830894,0.77910352,248.0,bdd971ec579659d83d10d52b1d79a2d1dd3cce4b05c56e7fcb093bd3837d2b7a
snova2455,50,1.8441308800000002,1.02731672,379.0,d68735ddc61c5fb4f621df895fc7a5a39fdc6d4d8201868146f1dc8c7a8d0cbb
snova2965,50,2.45629878,1.3770595399999999,454.0,7885c6668c210ca64e00d41d45ac43b5d3064cb5368a0b8c588733b56f77287a
snova37172,50,1.1533258000000002,0.76554724,124.0,e006523439396bafe2a1f3540029ccba9e589a46bc574de4ab17a20580e54a7c
sqisign1,50,58.344192899999996,7.9930353,200.0,64402ab4e89dec80a07e099daeeee7519cf67ed1a43274e33c62b82c83824f2e
sqisign3,50,216.12979614,23.37489716,306.0,e3245e9d211ae7cf2d7d7d6c10ae8b44a2164c03257c147bd46ab6c3d40ba477
sqisign5,50,423.12547448,44.60973222,406.0,fb7764f24afb89038d2e14d1de13718db78927a7e6b1c87ef070c7196c5628cd
