run,sign_ms,verify_ms,signature_bytes
1,197.138699000,24.765826000,413
2,175.028058000,23.779185000,413
3,172.515279000,24.770347000,413
4,164.751372000,25.263971000,413
5,182.876083000,23.848944000,412
6,170.037977000,23.818428000,413
7,181.951998000,23.785579000,413
8,171.718469000,24.463839000,414
9,192.361428000,23.768385000,413
10,218.996718000,24.730801000,413
11,222.562944000,23.713334000,413
12,182.747867000,25.321901000,413
13,216.919041000,23.719400000,412
14,191.764542000,24.850510000,412
15,176.973146000,24.178750000,414
16,166.628480000,24.401590000,413
17,195.014381000,23.797358000,414
18,164.312648000,24.141881000,412
19,204.816191000,23.764556000,412
20,232.520604000,24.148723000,413
21,256.651813000,23.889530000,413
22,235.207024000,25.020507000,412
23,312.790585000,24.475991000,413
24,212.487253000,24.359072000,413
25,245.898411000,24.260774000,414
26,193.298405000,24.482982000,412
27,176.995058000,25.491717000,413
28,166.116283000,23.820758000,413
29,195.261191000,23.764200000,412
30,218.615116000,23.797746000,412
31,200.936023000,24.697344000,413
32,208.715277000,25.834126000,414
33,219.788681000,23.883539000,414
34,330.082572000,25.032208000,413
35,257.628804000,23.150359000,412
36,228.410119000,23.758796000,413
37,252.746425000,24.347731000,413
38,191.818214000,24.164651000,413
39,201.606625000,24.934585000,412
40,222.863338000,24.412795000,414
41,201.425385000,24.680026000,412
42,332.372208000,24.038219000,413
43,190.997875000,23.749986000,413
44,175.422828000,24.190209000,412
45,215.020193000,24.486119000,414
46,221.456332000,25.243573000,412
47,192.263006000,24.326411000,413
48,188.326918000,23.690280000,413
49,175.706515000,24.205227000,412
50,210.912227000,23.753266000,413
