algorithm,suite,samples,sign_mean_ms,sign_stdev_ms,verify_mean_ms,verify_stdev_ms,signature_bytes_mean,raw_sha256
mldsa65,pure,50,1.24955298,0.8911856717373654,0.24075542,0.10222748439454199,3309.0,0c99c58b0d4aa5ecceb11d91e862588f4ffb7166a3a2f1dc073b15fcea430f87
mldsa87,pure,50,1.3919901,0.822737091450866,0.33642002,0.07994520494599244,4627.0,2dbb58eec0535e1178b48751b693e1ed5df91e7f398930ae8ce6e8cd8b71fce9
mldsa44,pure,50,0.71714122,0.5104388815726666,0.1461749,0.04746159968676288,2420.0,05d010e8162db4f4d08f1636f0580851e5f0c6d0dcca87dedc767f0d40e718d2
falcon512,pure,50,1.0060230799999998,0.10473571896198194,0.7092757199999999,0.1948022830058399,655.24,3243d8b710759448929f38505b85df87390feb08667e91bc562ed1ba9862a575
falcon1024,pure,50,1.1883202,0.08472113337898879,0.7726624200000001,0.19554848782847611,1271.3,b1a244b838d758b40e811ed73fd55928482cf20d282d15fb79f6095674ff9b54
mayo1,pure,50,0.9738321600000001,0.09969010972424006,0.6873027399999999,0.1446041848657435,454.0,73f8d779778922cf059ea3e180b26c61e30556c05674bf36af930f03619ba896
mayo2,pure,50,0.87815036,0.09706388299944002,0.63233188,0.14985521485436043,186.0,920a93a3428a2a9226a957459aa5bb2b79faf4c99c98ac3ee46843717cee9265
mayo3,pure,50,1.16702082,0.10232870575103167,0.8276558,0.1946140076765246,681.0,972d7b29de4edf183f5780ac8d57df58746e5a68a497ea4e5fc204cf3f3c45e4
mayo5,pure,50,1.6756195400000002,0.16195955301791765,1.1134215,0.24809496349799492,964.0,2fcbac1823839e3334b86a7ca1f2da24e848e6445e24d5cd66f396d096f64de6
OV_Is_pkc,pure,50,0.81566998,0.047937079100774146,0.69131816,0.11916789799910418,96.0,4588a93d08f139086d1cd8d9ae8c613fcd09d35819b42ffbfc6b9343a4f8ee0e
OV_Ip_pkc,pure,50,0.8539522599999999,0.11134517723540648,0.66293778,0.13630443860281355,128.0,e0c6c6325e92d8b99f40ee8d5efbf0df9cfe4ca2cc7554fbf9c61aa16a8bd676
OV_III_pkc,pure,50,0.9187812599999999,0.08616397289454471,0.94675916,0.14109567190289354,200.0,657a3ab8b64cc1b3e2885a357c5d7f644e236311904adaa702db31c95fdb7730
OV_V_pkc,pure,50,1.04274534,0.08020790596449062,1.5952099000000002,0.24633006536429441,260.0,d238fdda55655664f8a6a66dd1b7633d752a89444d40631807c2dfc3fc38b0df
snova2454,pure,50,1.23830894,0.13893601397389918,0.77910352,0.20453490545029426,248.0,bdd971ec579659d83d10d52b1d79a2d1dd3cce4b05c56e7fcb093bd3837d2b7a
snova37172,pure,50,1.1533258000000002,0.10103677092372794,0.76554724,0.21109180319700152,124.0,e006523439396bafe2a1f3540029ccba9e589a46bc574de4ab17a20580e54a7c
snova2455,pure,50,1.8441308800000002,0.19117043641005219,1.02731672,0.3333969425918502,379.0,d68735ddc61c5fb4f621df895fc7a5a39fdc6d4d8201868146f1dc8c7a8d0cbb
snova2965,pure,50,2.45629878,0.33748704534492063,1.3770595399999999,0.4491572250918066,454.0,7885c6668c210ca64e00d41d45ac43b5d3064cb5368a0b8c588733b56f77287a
slhdsasha2128s,pure,50,647.2478837599999,1.180291110391677,1.5024514,0.3621713942948413,7856.0,ba849f255cc122207e4548f68494127ad120db31e786e5e8dddb1b2a1dd421af
slhdsasha2128f,pure,50,31.693980200000002,0.3166508827777989,2.60268398,0.46163006331346695,17088.0,4088d4b1756432350a28dc3695b863aa2f1b04c93e9e8ae01bb855a0080cb6e5
slhdsasha2192s,pure,50,1172.9702366200002,2.5439976717648074,1.83299744,0.38471648959912796,16224.0,b6577ab405319e74c332b332d253408ba050eb5c1f76877378dadd0ae4bf2f67
slhdsasha2192f,pure,50,52.64842862,0.344831529692748,3.59281366,0.42323278530015,35664.0,a581bc88dafa2d4adfa05ede2e30fbd74093fe2a53b49330f89514461ecacbc3
slhdsasha2256s,pure,50,1043.7446325800001,3.0054035554363554,2.3071899,0.44266155942146,29792.0,467064cb26c9c46b0566ce1b14ecf92f5b23f07006ae9fe3eed74859c2399c5c
slhdsasha2256f,pure,50,106.46302739999999,0.6025858700687993,3.62256506,0.37369354646502606,49856.0,c8771400440c1110147aca14ca37a4e96eb7462833f2ec1c774fec68d0538e38
slhdsashake128s,pure,50,1005.12495284,2.284747959367975,1.92383076,0.37969651819016875,7856.0,ddaacd9f7ca7342ae2ebfbcc01fad793d3b1e8f09dd9d735fb35451aa0f1caf9
slhdsashake128f,pure,50,48.860745820000005,0.3192075686382555,3.70816672,0.3718491600856586,17088.0,a65f839a9be51f1933111494dce96c27b455f2ee8b02237151bd946d5667e3eb
slhdsashake192s,pure,50,1794.7501661600002,3.3885822558065626,2.42277986,0.4187491928329478,16224.0,cac3f5a4ab8f04ce28b7c96fb1f56ae1939e7d8cca1876fe8e43f168e397fa6c
slhdsashake192f,pure,50,80.17301830000001,0.3563305119513054,4.99633124,0.3061688602785524,35664.0,ca400bacef45c368d543fa7f034fe7294c8753f943f7411dc8887097bc58a26a
slhdsashake256s,pure,50,1614.08191218,3.742033384753645,2.88405284,0.4147602378539531,29792.0,b678d20b2ab1d077aefd91425129f67fdfbe78e4ac70092213e463db0acb9392
slhdsashake256f,pure,50,165.00502260000002,0.596555728046442,5.16958256,0.28086870770355993,49856.0,52a791b05e5143b3cea0a185e4e2bb42856809cbf0eb255f7bb6beec46b6f7da
mqom2cat1gf16fastr5,pure,50,2.02678264,0.2500663412913608,2.0658570800000002,0.5059764369437367,3280.0,0437757cfd126964e8d47670cdee0bbad9ab3fb873fd75b6f572119f23262f04
mqom2cat3gf16fastr5,pure,50,5.99163344,0.4431235639666854,5.82385166,0.36300998574254184,7738.0,6c7835dcc6eb6860fafe539caf621b24eb760dc90e27d95ef4794cc83fdeded0
mqom2cat5gf16fastr5,pure,50,12.72177732,0.5095789006658477,12.35158148,0.7635128975997411,13772.0,0fbd5543cc7de73cb31e1deeba1bcfa6cfde510b21811368a7441ecc8d99a75b
faest128s,pure,50,57.081241760000005,3.9951978183129997,49.64539358,0.7999499830921338,4506.0,860c9b5029b1e05683e424892c9d627af0d475cc7c0e69b4615a38ad22a1c729
faest128f,pure,50,18.46494614,0.40637746487878307,14.7863821,0.43180459851939973,5924.0,78aff92ab18fdb51ce17b796054e5e541c86c74ec8c94801baffd2f4fc3c39f5
faest192s,pure,50,224.32448155999998,11.134784806306971,184.42690535999998,1.2991628777035829,11260.0,9947a0cd95769e5b751f9ecc30024fd5b8ba8af8c4b842a6d6b748b71e96cff1
faest192f,pure,50,92.30423498,1.3837795836256739,67.43531602,1.1923110749795447,14948.0,aabb7b42c86850077eedb47e7ec31ad350f3376ef7afabd1740012ada78facd8
faest256s,pure,50,366.29095086,4.841899472426935,334.9271164,2.0600263852299134,20696.0,ce1add82ac6d919970b2c45c48c541009e4d353c8ed1cd934249a6c3c7fb57ab
faest256f,pure,50,120.28434444,1.720797144889058,92.66423872,1.1658538210407288,26548.0,37dafb7f12dc6be58a24b3ec4786abdc11700b0a0bd2ff35e677beea741745e0
hawk512,pure,50,0.80141528,0.08355721623132358,0.6282838199999999,0.11946973512144132,555.0,fe143c25f78158f7e2c23747f4aea7e7e2785f956ef4ab0e25f4fd0dd7fdd661
hawk1024,pure,50,0.83243688,0.10102023753959763,0.66079586,0.10835388854440936,1221.0,01692da0a080c5f85b5fc3f17fcaf6468110d7b021d0df6c9323a826c39cf0c4
qruov1q7l10v740m100,pure,50,20.30478666,0.33855007547551036,18.180156179999997,0.4294166431088638,331.0,e0fceddf2596deefa52aecf9dda466f3c531d883bb673908e450c525ed42823f
qruov3q7l10v1100m140,pure,50,61.8923208,0.6033499821455042,54.47943849999999,0.49254569976416795,489.0,a9cb121c99a559ee178f7c87046cf82db8a85fda6f13110fd846773a7164d54c
qruov5q7l10v1490m190,pure,50,156.36966474000002,1.5255557714640877,130.19464847999998,0.836185141734606,662.0,1722ac9ddfbdae3981fc2a22c6153d957b35eb7ad024426d7d071e9d76af0cf5
sdithhypercubecat1gf256,pure,50,14.51854922,0.428577439946283,14.33963804,0.633575662355381,8496.0,968e1401086f677a9d1b97fe4bf69dabfab686e4fd757741f2d6e168062a7da4
sdithhypercubecat3gf256,pure,50,38.71768726,0.6964104882109372,36.68837484,0.6289990508400216,19544.0,15c592ce9a1a6d76dd8576b3029bbb7f87a364e757a44e12d13eb931f4f724d9
sdithhypercubecat5gf256,pure,50,71.21398582,0.8428001937721382,67.00296,0.9112821749633422,33924.0,91acecf409661e7d0b1467d6949abd162350ab87dfbb322513dc3c663cd65bd7
sdiththresholdcat1gf256,pure,50,6.42715056,0.3453846197007667,1.6159609599999998,0.3513362518509757,10385.6,39edacddafe15d251ae2f0e931fef4dbca88dc857434b8559d8c12c769a8ce69
sdiththresholdcat3gf256,pure,50,15.007958960000002,0.4414544610645522,3.5571264,0.5041309887404346,25253.44,6949844fd1204adaa5d981d528622f12b2e2b127c2e909aa919cc58b90d45f7b
sdiththresholdcat5gf256,pure,50,32.2494976,0.6144281799789498,5.948978059999999,0.43897304173479074,44299.84,f65e6a3e56e35cb243d022a6085775bce455f4dacc686320f459e280810566b9
p256_mldsa44,composite,50,0.9513522999999999,0.10882040320980664,0.78442218,0.1769344045269135,2495.06,2ce5ec301e0b44d3882cdcd467e3b477a7365fd88a918a5011aed29a05526e04
rsa3072_mldsa44,composite,50,4.1725179400000005,0.2973713522791718,0.9404728400000001,0.36537967900256124,2808.0,443a41befa0062826458cd686f70f95086e369b5ab8c6816fe557f3004f8cc03
p384_mldsa65,composite,50,2.05514732,0.22589488507172753,1.69131824,0.3398915299338269,3416.1,ed011cc39758075aecb55ea9cf32d47c536e8d750de60a9ac77a670023ccc645
rsa7680_mldsa65,composite,50,72.04748330000001,1.760449998116973,1.3190653,0.3507414236435731,4273.0,1ec882035b284e14e719ccadb0a08624403310dad04ecfe2180d1894c84a8695
p521_mldsa87,composite,50,3.55372678,0.31510855308881436,3.0143921799999998,0.4005322968221414,4769.66,e37c8651d790ddb78c1ce3bd123b238d11cca171fda3f033590415bb95d7659f
rsa15360_mldsa87,composite,50,383.86398606,1.6208516817226397,2.6587624599999997,0.46540489857144207,6551.0,242f279f7e19cc37fcb3a9210302757f567b85a01647756337e0900240f1c543
p256_falcon512,composite,50,1.06072312,0.09338718322816801,0.89470834,0.2668834670354108,730.5,31daf8f22dee19a53262d3f7c8eb18ff1c6afd2ec52b91d3ceb5440e18afacfd
rsa3072_falcon512,composite,50,4.33375998,0.32682158767721686,0.91989794,0.3180239575099688,1043.24,3e3120979c82c9b6a89908af88065f8d674204dfad3cbafcc45a9df065854b89
p521_falcon1024,composite,50,3.89056368,0.33230644722773583,3.0499584800000004,0.3927225372875369,1412.88,976fb76752f2fed000a6f1fe4b0a92bf7a44c8fb3810b430f0419836ae7a5484
rsa15360_falcon1024,composite,50,383.96424888,1.2882275495428814,2.7550605000000004,0.3782273622147512,3195.02,5bb615dafe9cf87ec5abc01b10e2dc065a867f2e024e34574c3d30a58a406acd
p256_mayo1,composite,50,1.0786795200000001,0.15943636783218565,0.79915132,0.13511427704731266,529.1,728f7dcbb535f326450a34d68896d0cd2dfa9c9db7fc63a64a264ffde6d2bb69
rsa3072_mayo1,composite,50,4.36549356,0.32058435871295143,0.91193998,0.34205167359658406,842.0,99a178bfaa124a7e6b91c0685be1f965eff744bbebb86bbcb4b05c3a5aa49b96
p256_mayo2,composite,50,0.9758090799999999,0.1382107217180715,0.7551074400000001,0.17946162488912015,261.0,93a2ab25fd2691e453f3194fef8836b0d0089aa4a7307c46c7c1c143b7177918
rsa3072_mayo2,composite,50,4.14839266,0.2777317387712144,0.8880250599999999,0.33801134685418477,574.0,8ed30491c54bfa85dd981bb8f8a3469db7f4ba3a0708488ce4687aa6490b7120
p384_mayo3,composite,50,2.2724699200000003,0.19254306556714385,1.90047786,0.37572257292212946,788.04,97c3f48f208fe9d02b8e11f326474e1fa3af5a9fdeeb7b869ae7591a4b0f4c42
rsa7680_mayo3,composite,50,73.70216185999999,2.8224526235802334,1.4352139,0.3815489757406041,1645.0,66d2a57df7b24b91bdcadd3c64d36a47d26ce845896f52fc108cfc781c843bc7
p521_mayo5,composite,50,4.28620558,0.3479280269148503,3.5269265,0.4997773162939364,1106.38,cc15a87798c5defcf94be91708f8a35f623ada51906f24c26dc238988831cee4
rsa15360_mayo5,composite,50,384.01819744,3.817082368902215,3.0122609799999998,0.46055988278640175,2888.0,05a2196443903f2906d62e778ac8f81f83ce6b5f8353511403d579bc15c58d6a
p256_OV_Is_pkc,composite,50,0.9254946,0.10515906095617093,0.85607166,0.19753924617351462,171.02,e78056eec90063b14036fc697b08575e31f2198fa31fc719911449622b86751d
rsa3072_OV_Is_pkc,composite,50,4.09570438,0.3131138436641184,0.94146312,0.3697182441625492,484.0,51d20e2f52ce4e64b5d2d061740b1d9a569bfc135a39a4a1b5c09c47d5ceae62
p256_OV_Ip_pkc,composite,50,0.90108348,0.08773224532313285,0.85287756,0.18314781146164483,202.9,d005d6cb7d09dfcbae9020152ea684d3f9f6532619d84d906cbe15b5a379c055
rsa3072_OV_Ip_pkc,composite,50,4.02323502,0.268070724413029,0.91552328,0.29710484921485414,516.0,7a03b841e2d00676fe68dc7abe6847e5e258e47367ba1f2cd50a7bd8c977fcdd
p384_OV_III_pkc,composite,50,2.0463482600000003,0.21713248177663802,2.15525294,0.38697031446323094,306.98,11e94d652041bcaec140a428c85b3193d539187b3b3894923d95a457c38abe2c
rsa7680_OV_III_pkc,composite,50,71.56604716,0.7491504318350404,1.6348621399999999,0.3570155470082392,1164.0,ff5a982656ffdf143164a78c132b60d4e561720bab74bf1788d0271dd6e0842a
p521_OV_V_pkc,composite,50,3.6471817800000004,0.23671171586339243,3.86846148,0.37661736842720117,402.54,e1b4e439a8171f0f0262f3e6cb483ca54854a08bdeb3ddd566738fdf81907954
rsa15360_OV_V_pkc,composite,50,381.7859762,4.68905065714674,3.48634162,0.4231119271341558,2184.0,11ac83db492a21114f72312a547b14e7525076e4c35417e402206ce8429b481a
p256_snova2454,composite,50,1.31802292,0.1519866653825786,0.90947614,0.23399656015839118,322.92,ec187524c46906d6746f3d1b2dad6dfba525c148610271db95905f14025f419c
rsa3072_snova2454,composite,50,4.63330394,0.46405373277510276,0.98119148,0.3748909387631882,636.0,92349234a928bfa90f924a36eeb3c02dd13482da4e4dc7188903c293e4514ca9
p256_snova37172,composite,50,1.26366836,0.16844807854450922,0.8922432,0.20327904496418467,198.96,bd5b1a2b2fd21e1b2c42d3f49b9be3e4162eaaaab2bc93c475522cb13f39ab5f
rsa3072_snova37172,composite,50,4.57019544,0.46339413767596965,0.9226084400000001,0.34598506608382235,512.0,23369d74e9c6e5e4b4f85ca871c64c2d42ee6efb36fa6aacece3d727e4fcc78d
p384_snova2455,composite,50,3.22181944,0.5459002806776763,2.09034282,0.46538546241354045,485.84,b60f49d669cc89f60b6e0cb698f08e12fbc089c3b8233b316376c6f29e15daa4
rsa7680_snova2455,composite,50,73.20245713999999,0.8369507001656161,1.59570102,0.39407465233656336,1343.0,1211bfacb75ccb8ebd38568f726c4f8e118ef21708e74ee6029d8732ae24878a
p521_snova2965,composite,50,5.3831877,0.6422609980630213,3.40631898,0.46065580799469413,596.52,db9000b1d44e103a9fa5ef5902e75856c0862b726ad75f7f97773bb06cca442f
rsa15360_snova2965,composite,50,385.8499908,2.439446689088989,3.1535243000000004,0.497733340621066,2378.0,c4f03ef31e66b9f954152fb34f8d432261a6a202e6e471175d9bd4523ff531c9
p256_slhdsasha2128s,composite,50,647.4048328,1.196470010583294,1.65029068,0.37962343079003097,7930.94,fe08d106beef7fa4c52279db9691cae7fa5503e019e1bbaed49e15e7f9acea8d
rsa3072_slhdsasha2128s,composite,50,651.8047660799999,4.195779931605926,1.5353295,0.3732465938367075,8244.0,891b47bf3e5d000b5ceaa0a865c7c4d597a4c65df5d91b7a74ae18a339fd0465
p256_slhdsasha2128f,composite,50,31.76290082,0.2937551974325571,2.9193619799999997,0.4822143665167628,17163.06,d29d43ca7511f2a85a2122a32cbe78ee6f72198e609b6f08e8ecdb3f2ab98bef
rsa3072_slhdsasha2128f,composite,50,35.14300076,0.3708018936323946,2.7950324,0.4796345608140278,17476.0,5d271fdb7eae5cf65f7eeee59b920914e9cf0fb9881cb13394af02754fc3eb5b
p384_slhdsasha2192s,composite,50,1174.47634894,2.2452746221396165,2.94408712,0.38230295126870373,16331.16,5c91126c50b9f23cf74883896e4260065583a7b0dd4b49eccaf3922e231c8465
rsa7680_slhdsasha2192s,composite,50,1246.85192182,2.453009742936193,2.27291328,0.4296857273399654,17188.0,0369e775a9762a9c85ed52865be876e1a5eb42504cc5c839c2b7750af5ae32cf
p384_slhdsasha2192f,composite,50,53.742072019999995,0.37835353468100685,4.69752476,0.32208223515403445,35770.74,d3d8fedb51201e7032fd4a92e44e2e1793c4e933e1b3de7394ed6f8b9ff40e62
rsa7680_slhdsasha2192f,composite,50,125.63753182,0.7733848647326743,4.06340238,0.36428154456537365,36628.0,3ad90f7f7bb8d1b00b4f72cb924c7a94cf98427fc1a085082441d473cd15c539
p521_slhdsasha2256s,composite,50,1047.31997568,2.1035091657580454,4.4976033,0.3734511685695593,29934.52,675c16511be88337f53ce2e5be9dd57a1c2868f30c8ff09f42fad1bcad1df630
rsa15360_slhdsasha2256s,composite,50,1426.8765470399999,3.202762596380187,3.8984091999999997,0.42560102100671615,31716.0,d8c532c52a4a692134fb60d1dbad8fe2c9566e8124272c3a646fe11fb5d64cc9
p521_slhdsasha2256f,composite,50,109.17768956,0.5385084461212505,5.780143399999999,0.2783692046640686,49998.46,acbc73a74b94685edaae899b9fea3ef06df1290e3198fca6ac7b61d70b0b8cc0
rsa15360_slhdsasha2256f,composite,50,489.88514012,2.2875187054938695,5.301682899999999,0.29230018607883995,51780.0,1b037fe4514e17ab3232399cf40189d4211e41f423dd37bc60529584f7fea355
p256_mqom2cat1gf16fastr5,composite,50,2.22406376,0.26931087138370674,2.02929176,0.48736279134196847,3354.94,17fd371b4fcd72e7baa65e9ee01cc44632a093a3061a9880c00235966956d515
rsa3072_mqom2cat1gf16fastr5,composite,50,5.54430832,0.4870830572283498,2.06526446,0.4571554539098922,3668.0,dde4846639155e18299ba5b57a6389975331a55cc4b11f54714482281a11bf64
p384_mqom2cat3gf16fastr5,composite,50,7.27746474,0.5270016141001425,6.85999192,0.4258680825858407,7845.04,17d279935ff55437de4baf645e8f24fb035cae79c56db390818a21fbcb2d7e65
rsa7680_mqom2cat3gf16fastr5,composite,50,76.89064669999999,0.8743064146077723,6.3769770800000005,0.39880178980351033,8702.0,df4e08ab51a77d8a6bc3284826af8ec2d82e31f550830363dab54d5d2ad4e26a
p521_mqom2cat5gf16fastr5,composite,50,15.539327559999998,0.7088325348480188,14.29944276,0.7754871757031074,13914.4,a0d693bdf265e1776ce13c32013c158ee97e653c5a41e89383f2cc3ba1cdfa13
rsa15360_mqom2cat5gf16fastr5,composite,50,395.61356992000003,3.6063412881422736,14.068747499999999,0.7041801127382475,15696.0,aa97da5a5b2a5b0308935929ca7f65f2ea79893818037741908c11e7fe124fe7
p256_faest128s,composite,50,57.55708306,4.683546400979376,49.872221520000004,0.7086180686958049,4581.0,330f7a2970577edded10a10a35e0780b291c60b827b06e25a5a488a78916c93f
rsa3072_faest128s,composite,50,59.99939146,2.5022780161145337,49.81195616,0.805281993267395,4894.0,c22def83eb7a2a9a7d1179380b92c01a60a858879b4a26cd86af9574f7707a1a
p256_faest128f,composite,50,18.4113905,0.41214236096718093,14.92539434,0.4600235418136777,5998.92,bc6aa3cb00f22be32011b60a50ea54283210f7fa201e5f046d99a141bf1b4f9a
rsa3072_faest128f,composite,50,21.76768756,0.382963715242546,15.00586466,0.4531310615449818,6312.0,aac61c66a36a2b99c38e610c8ef09094f9ee4fb1124e5cbfdd6f67e9e0674633
p384_faest192s,composite,50,220.0438208,8.316576620234773,185.27675408,1.5748792797773261,11367.16,418e94374a5d3f3eb573c5ea7ff18f9eb70b226db7ac4d423b1c9890a4b0ff88
rsa7680_faest192s,composite,50,293.46916304,15.468601495161307,185.04836166,1.7763926474119551,12224.0,f0d2fcaa25aa68599fa74fb34c6d7a68be41f2b5241fedafae1dfe0c78c6fc70
p384_faest192f,composite,50,93.64197136000001,1.3506831627834273,68.61766044,1.271124735609088,15054.94,5fadea3120bc507fc9776814554106ee68fd001a674f46914c8a8586be8aa3b9
rsa7680_faest192f,composite,50,163.1139054,1.534822233939309,68.04501802,1.213124600475531,15912.0,875b6f3075c58fb2557c89f274ee090517cb595c755ab48ab4f87ba27f789b60
p521_faest256s,composite,50,368.09407980000003,2.2016912348297697,337.9316775,2.232822459778992,20838.56,40e149c6439e21090ce4c6a93cb8f0e277ba672b58e67955dc341f57bfb78a1d
rsa15360_faest256s,composite,50,748.60700174,3.5045842314277897,336.77376678,2.2160292655952682,22620.0,68095ed3afae60cd6bc8b050f1878326ef9e92df8ed8ebf762d35d0e75c9ff6b
p521_faest256f,composite,50,122.63508318,1.4626029136849348,94.32127952,1.1229364098076444,26690.4,21da3035084008447a573c212726315dd4aa5193ef37d4e964001feca2c10907
rsa15360_faest256f,composite,50,494.34215526,2.8515346912913815,94.24578436,1.2149401083215579,28472.0,2834a6f74031b64efe96c62babdceff8a19ffa4cd8a3c3fd7787a9650cd7c916
p256_hawk512,composite,50,0.8849465000000001,0.09760587644387786,0.76203864,0.16477609266674828,630.04,458045f3f2c39e01945801aaf433956b3ba510cf8fc42cd689357de8f19f6a88
rsa3072_hawk512,composite,50,4.0367986,0.21949418364689374,0.8197788800000001,0.25505931893658285,943.0,80dea80509268135095b85d433ee9246cb2b55364739120fa56b155ccad874c6
p521_hawk1024,composite,50,3.4503594399999997,0.27767293555931766,2.9425728199999996,0.4195439257673421,1363.68,1a5d53a68ee5a70514e17b50ebee726b5485a28b411e56d9ea9fd33590141cb9
rsa15360_hawk1024,composite,50,383.32130728,4.004182265728572,2.6536801000000003,0.41649038414919604,3145.0,9f9a75eec82eb69a66fced3b052dfea4c31b96b9ce1cd45d347b3dba21da0087
p256_qruov1q7l10v740m100,composite,50,20.33658782,0.3163659442618332,18.42015692,0.3602539587089968,405.9,18016ab2b1742ecac7537083117f991c9e9d0fbf9c7c163c80856851c4eafdcd
rsa3072_qruov1q7l10v740m100,composite,50,23.65556396,0.4041733606511936,18.37614228,0.39121916178244237,719.0,e0de35c2338890297f6ac4373f00964c6b862c3b9f962ec2cd6cf13e02dfa96a
p384_qruov3q7l10v1100m140,composite,50,63.10548558000001,0.6679941013312849,55.5036279,0.4602959994499215,595.9,b6fbbc32d9b06b92d1730bdf415884713e5183c23b4e85e7c0a3e388b509c71a
rsa7680_qruov3q7l10v1100m140,composite,50,132.72765798,1.2421916667610486,54.82146898,0.5311931055631041,1453.0,4ae42ce26206c9144fbafb5a1304abe67077530784687d7b738c5c273c51e375
p521_qruov5q7l10v1490m190,composite,50,158.56815032,1.2639631434360883,132.13255884,0.46286923073516356,804.38,f20dd3a0fe1aaba5129ae86270c3a53ffed44b1202fa3f050b04846e47369b3e
rsa15360_qruov5q7l10v1490m190,composite,50,534.19742318,6.007440878567088,131.80324276,0.5437890219676675,2586.0,4b1d9c467fb2ef90797cb6f9f306d4905580cd0007af5cce09270ca3f05816f1
p256_sdithhypercubecat1gf256,composite,50,14.67059934,0.38761670452128777,14.3304671,0.5628398279420955,8571.0,084b5d5dca01486999ed0882ac935ea32ee281127b64a7996955c45825391b1c
rsa3072_sdithhypercubecat1gf256,composite,50,18.1181725,0.4796824703933458,14.11492262,0.5906986477263257,8884.0,604aa3526229ca75b8243d2bac618c77899e823b8afb12f7c654bf4d2f649311
p384_sdithhypercubecat3gf256,composite,50,40.03705978,0.7216462585727248,37.72568524,0.8529361713371568,19650.86,3415b6c3813a844d74a68b723da7f68e9bbd824220ceb948bf4cfe450857d985
rsa7680_sdithhypercubecat3gf256,composite,50,109.77353826000001,1.1753908729798954,37.30259594,0.7324014994547239,20508.0,3c0237d3195aac540fc43d0db8ab940780d6408f92315d8eaf570431cc5e3eb1
p521_sdithhypercubecat5gf256,composite,50,73.72651802,0.7574518415969639,68.79049892,0.7420581874125465,34066.44,b6a34ca863570bc75f2f3bdd6066a94a614c076611473d2c16d23d578449a4f6
rsa15360_sdithhypercubecat5gf256,composite,50,453.64436636,2.669483735189371,68.41904358,0.8201342417066357,35848.0,7f168f7439407cf032a2be5b03d5c78e6c9ff00fac09c51c4f994015896621b9
p256_sdiththresholdcat1gf256,composite,50,6.62881542,0.3175565223301386,1.7034732399999999,0.395996145710606,10423.96,825d9079eee69bc80e1bb80fd570cf2016afcd82c7979f2f99bdce3a7c6ae33c
rsa3072_sdiththresholdcat1gf256,composite,50,9.9400593,0.4522632492833985,1.7792527200000001,0.4317942371919348,10736.48,12f98e79f7d0991c55451da53f742106d12d57009aaa2751e56ddfc1b720f872
p384_sdiththresholdcat3gf256,composite,50,16.5681115,0.6364663960025376,4.71755268,0.5327889575325583,25379.66,f18b9adbc5af8ad8c465d85a3bf69504d9e03fdfd3b14ce82361ff5a98b61d82
rsa7680_sdiththresholdcat3gf256,composite,50,86.3781107,0.8677780097452562,4.18392816,0.5274570510509473,26209.76,bd71a561c15b758f62760d60ede7e52a9bf2ff76058faaa2609244822e77b2d3
p521_sdiththresholdcat5gf256,composite,50,35.1853986,1.1297050851128705,8.19723026,0.575187671321418,44607.4,0f7a140c49322b185b1cc103211be6de35e6ac5743f6e99e1c36673f7bd6ef6c
rsa15360_sdiththresholdcat5gf256,composite,50,407.06073724000004,3.3508175201313053,7.76600842,0.6203824162378114,46410.72,3ca80663543bbb8887dd2f081faeea4fb2e38846ff74aad6e669853a29ebbadd
p256_slhdsashake128s,composite,50,1005.76495102,4.7074907014963125,1.9390404,0.39466258192516396,7930.8,773795367ca49e7bd0229310ce02e276fdb272383ade4c6930b5d997fa359a13
rsa3072_slhdsashake128s,composite,50,1007.46629116,2.1652079580361554,1.99337366,0.36587945316409554,8244.0,d179f7cc8ae06960d6067ffa86de96acb299c25f3ce834a3c306b5cc5a673ada
p256_slhdsashake128f,composite,50,49.17877198,0.33848862175839506,3.81379776,0.42865971783719975,17163.04,9d214c03ba193b96cd928167764ceacf8108a573a3d5bad5bc2c6de63649f8e3
rsa3072_slhdsashake128f,composite,50,52.37526628,0.3156541448266546,3.91384686,0.3625737297810013,17476.0,592d3bc9a6814d1d528dadd3d41ac79a29c340d7d646f43681b85701a80322f5
p384_slhdsashake192s,composite,50,1792.42844878,3.3520233812229425,3.2954457,0.4290934584482875,16330.88,2782b219fe0ccc8a4a5a33cdb953d1b102bdc1d04a6a0443b66ac943e2b9ae37
rsa7680_slhdsashake192s,composite,50,1867.9482877,5.144555392523631,2.84609348,0.37226158043412955,17188.0,468a634f20180133217be91ef34dec2d51e82884a9607a1ee85c5486b47c3167
p384_slhdsashake192f,composite,50,81.1946872,0.342353606600376,6.0495003999999994,0.3232076691767909,35770.84,5206055fa85f114ff2ffe23dae025ced9a1594bbdf288dcc2f15eb165bb27828
rsa7680_slhdsashake192f,composite,50,150.92034698,0.7610723996888752,5.46163292,0.27909037102203643,36628.0,fa76f931d60c65082da6095b0a536a15d52bd31f44f8ca635754e92322766bd9
p521_slhdsashake256s,composite,50,1616.61844938,2.844909976934739,5.16469108,0.3561988043180175,29934.46,9d4e2ed7cb6f48e7e25da87ea78eb8440d7a6e108a4780c19aa1517ca2488ecc
rsa15360_slhdsashake256s,composite,50,1997.4611317999997,3.880916127175236,4.72444014,0.3140098628795488,31716.0,2eca836f3079362a8beef16e4716e8eaf9054b4c78abc2d28c5cb6f35b23932f
p521_slhdsashake256f,composite,50,167.7769656,0.657697714841424,7.3148827800000005,0.40386564641349654,49998.52,2174cf894878da709f40a8a869f7cbd72c43bf87b402d02cf6c23bb9af65be89
rsa15360_slhdsashake256f,composite,50,539.25752268,3.981294097057991,6.77840864,0.3586754157312004,51780.0,5f01fc74533f8c742476c540e186e2065d992abebddb3d8a659b138beee2815f
